district,river,category,osm_used,osm_points_found,current_lat,current_lon,current_discharge,best_lat,best_lon,best_discharge,in_range_found
ঢাকা,বুড়িগঙ্গা,small_or_tidal,False,0,23.58,90.48,1022.29,23.63,90.48,554.9,True
চট্টগ্রাম,কর্ণফুলী,medium,False,0,22.22,91.78,1198.5,22.22,91.78,1198.5,True
গাজীপুর,তুরাগ,small_or_tidal,False,0,23.97,90.27,219.8,23.87,90.27,224.94,True
নারায়ণগঞ্জ,শীতলক্ষ্যা,small_or_tidal,False,0,23.53,90.5,8870.56,23.58,90.45,464.59,True
লালমনিরহাট,তিস্তা,large_regional,False,0,25.89,89.33,2107.63,25.79,89.38,2127.14,True
নীলফামারী,তিস্তা,large_regional,False,0,25.92,89.06,2093.11,25.87,89.16,2102.78,True
কুড়িগ্রাম,ব্রহ্মপুত্র,mega_trunk,False,0,25.65,89.68,32507.74,25.6,89.68,32507.74,True
কুমিল্লা,গোমতী,medium,False,0,23.48,91.1,144.21,23.58,91.0,152.46,True
ফেনী,মুহুরী,medium,False,0,23.03,91.43,95.61,22.93,91.43,275.69,True
পঞ্চগড়,করতোয়া,medium,False,0,26.23,88.61,150.71,26.13,88.71,173.58,True
ব্রাহ্মণবাড়িয়া,তিতাস,medium,False,0,24.06,91.01,7463.49,24.01,90.91,7480.7,True
সুনামগঞ্জ,সুরমা,large_regional,False,0,25.02,91.3,1481.52,24.97,91.2,1519.55,True
সিলেট,সুরমা,large_regional,False,0,24.98,91.75,582.45,25.03,91.65,1195.74,True
হবিগঞ্জ,খোয়াই,medium,False,0,24.53,91.2,3220.07,24.43,91.1,3227.49,True
মৌলভীবাজার,মনু,medium,False,0,24.47,91.75,186.07,24.57,91.7,3132.29,True
নেত্রকোণা,কংস,medium,False,0,24.88,90.78,629.96,24.78,90.88,646.14,True
শেরপুর,ভুগাই,medium,False,0,25.0,90.23,132.66,25.0,90.33,145.22,True
খাগড়াছড়ি,চেঙ্গী,medium,False,0,23.02,91.98,96.95,22.92,92.03,113.02,True
রাঙ্গামাটি,কর্ণফুলী,medium,False,0,22.56,92.12,706.95,22.46,92.02,840.4,True
বান্দরবান,সাঙ্গু,medium,False,0,22.15,92.1,223.91,22.15,92.0,248.46,True
কক্সবাজার,মাতামুহুরী,medium,False,0,21.73,91.97,183.08,21.68,91.92,244.47,True
ভোলা,মেঘনা,mega_trunk,False,0,22.54,90.79,68390.17,22.49,90.84,68390.17,True
পটুয়াখালী,পায়রা,small_or_tidal,False,0,22.36,90.23,58.02,22.26,90.18,69.79,True
বরগুনা,বিষখালী,small_or_tidal,False,0,22.16,90.02,108.9,22.06,89.97,114.08,True
নোয়াখালী,মেঘনা,small_or_tidal,False,0,22.97,91.2,46.75,22.87,91.25,150.36,True
সাতক্ষীরা,ইছামতী,small_or_tidal,False,0,22.6,89.25,135.14,22.5,89.35,182.65,True
বাগেরহাট,পশুর,small_or_tidal,False,0,22.39,89.55,485.41,22.29,89.5,517.8,True
খুলনা,রূপসা,small_or_tidal,False,0,22.73,89.48,459.26,22.63,89.48,473.24,True
পিরোজপুর,বলেশ্বর,small_or_tidal,False,0,22.48,89.92,362.08,22.38,89.82,452.94,True
ঝালকাঠি,বিষখালী,small_or_tidal,False,0,22.54,90.2,45.45,22.44,90.1,53.83,True
লক্ষ্মীপুর,মেঘনা,small_or_tidal,False,0,22.84,90.94,23.49,22.74,90.89,72.11,True
সিরাজগঞ্জ,যমুনা,mega_trunk,False,0,24.35,89.72,33805.47,24.45,89.67,33961.54,True
বগুড়া,করতোয়া,medium,False,0,24.9,89.52,34039.83,24.9,89.47,310.17,True
জামালপুর,যমুনা,mega_trunk,False,0,25.19,89.6,34275.77,25.29,89.6,34434.01,True
গাইবান্ধা,ব্রহ্মপুত্র,mega_trunk,False,0,25.28,89.6,34434.01,25.33,89.55,34513.38,True
রাজবাড়ী,পদ্মা,mega_trunk,False,0,23.71,89.84,59155.14,23.71,89.84,59155.14,True
মানিকগঞ্জ,যমুনা,mega_trunk,False,0,23.8,89.78,59155.14,23.7,89.83,59155.14,True
মুন্সিগঞ্জ,পদ্মা,mega_trunk,False,0,23.43,90.26,58883.37,23.43,90.21,58883.37,True
চাঁদপুর,মেঘনা,mega_trunk,False,0,23.13,90.55,68232.89,23.03,90.5,68232.89,True
ফরিদপুর,কুমার,small_or_tidal,False,0,23.65,89.93,59019.1,23.75,90.03,43.26,True
শরীয়তপুর,পদ্মা,mega_trunk,False,0,23.32,90.45,58883.37,23.22,90.55,68232.89,True
মাদারীপুর,আড়িয়াল খাঁ,small_or_tidal,False,0,23.26,90.09,26.16,23.21,89.99,80.1,True
টাঙ্গাইল,যমুনা,mega_trunk,False,0,24.13,89.97,15.56,24.13,89.97,15.56,False
পাবনা,যমুনা,mega_trunk,False,0,23.97,89.62,34752.61,24.02,89.62,34832.72,True
নাটোর,গুড়,medium,False,0,24.37,89.25,936.56,24.27,89.3,962.83,True
রাজশাহী,পদ্মা,mega_trunk,False,0,24.25,88.66,24433.31,24.15,88.71,24433.31,True
চাঁপাইনবাবগঞ্জ,পদ্মা,mega_trunk,False,0,24.58,88.1,23767.4,24.48,88.1,23767.4,True
ঠাকুরগাঁও,টাঙ্গন,medium,False,0,25.93,88.37,58.98,25.83,88.32,69.63,True
দিনাজপুর,পুনর্ভবা,medium,False,0,25.53,88.74,295.48,25.43,88.69,303.09,True
জয়পুরহাট,তুলসীগঙ্গা,medium,False,0,24.873,88.943,155.68,24.773,88.893,161.18,True
নওগাঁ,আত্রাই,medium,False,0,24.61,88.85,647.63,24.61,88.95,649.13,True
কুষ্টিয়া,গড়াই,medium,False,0,23.9,89.15,24433.31,23.8,89.05,46.86,True
মেহেরপুর,ভৈরব,small_or_tidal,False,0,23.66,88.63,50.76,23.56,88.73,122.88,True
চুয়াডাঙ্গা,মাথাভাঙা,small_or_tidal,False,0,23.54,88.74,124.31,23.44,88.64,132.05,True
ঝিনাইদহ,নবগঙ্গা,small_or_tidal,False,0,23.6481,89.276,86.7,23.5481,89.376,90.2,True
মাগুরা,গড়াই,medium,False,0,23.4,89.42,171.19,23.3,89.47,179.3,True
নড়াইল,মধুমতী,medium,False,0,23.07,89.46,184.78,22.97,89.51,275.06,True
যশোর,কোবাদক,small_or_tidal,False,0,23.0,89.0,65.68,22.9,89.05,84.9,True
গোপালগঞ্জ,মধুমতী,medium,False,0,22.95,89.74,169.22,22.9,89.79,171.58,True
বরিশাল,কীর্তনখোলা,small_or_tidal,False,0,22.72,90.45,34.4,22.72,90.45,34.4,True
নরসিংদী,মেঘনা,large_regional,False,0,23.83,90.67,7743.62,23.73,90.67,7779.37,True
কিশোরগঞ্জ,উজানের মেঘনা,large_regional,False,0,23.95,90.88,7480.7,23.9,90.78,7480.7,True
ময়মনসিংহ,পুরাতন ব্রহ্মপুত্র,large_regional,False,0,25.0,90.57,577.1,24.95,90.67,605.74,True
রংপুর,তিস্তা,large_regional,False,0,25.68,89.47,2132.05,25.58,89.52,2136.96,True
